{
    "data": {
        "Cryptography": [
            {
                "category": "Cryptography", 
                "description": "", 
                "files": [
                    "/files/bbb88237145207c475d711a1c54beb4c/ahash.py?token=eyJ1c2VyX2lkIjo0MCwidGVhbV9pZCI6bnVsbCwiZmlsZV9pZCI6MX0.X72sbw.MuJBlFT8HPktw7uDD9D9E1cAcH0"
                ], 
                "hints": [
                    "-"
                ], 
                "id": 1, 
                "name": "aha", 
                "points": 464, 
                "solves": 7
            }, 
            {
                "category": "Cryptography", 
                "description": "**PPXY2020{-- .. ... ... ..--.- - .... . ..--.- --- .-.. -.. ..--.- ... -.-. .... --- --- .-.. ..--.- -.-. - ..-. ..--.. }**", 
                "files": [], 
                "hints": [
                    "-"
                ], 
                "id": 2, 
                "name": "basic", 
                "points": 331, 
                "solves": 14
            }, 
            {
                "category": "Cryptography", 
                "description": "**WycweDI5JywgJzB4MjknLCAnMHgzMScsICcweDExJywgJzB4NTAnLCAnMHg1YicsICcweDU5JywgJzB4NzUnLCAnMHgzZScsICcweDJhJywgJzB4MjAnLCAnMHgyOCcsICcweDI2JywgJzB4MmUnLCAnMHgyZCcsICcweDFmJ10=**", 
                "files": [
                    "/files/15d73f968944b9db2b3f980103d4915d/enc.py?token=eyJ1c2VyX2lkIjo0MCwidGVhbV9pZCI6bnVsbCwiZmlsZV9pZCI6Mn0.X72scA.VR0IysDeRgeK4VckstAPWbHDKBE"
                ], 
                "hints": [
                    "-"
                ], 
                "id": 3, 
                "name": "rox", 
                "points": 475, 
                "solves": 6
            }, 
            {
                "category": "Cryptography", 
                "description": "nc 207.148.78.100 40001", 
                "files": [], 
                "hints": [
                    "-"
                ], 
                "id": 5, 
                "name": "asr", 
                "points": 500, 
                "solves": 1
            }, 
            {
                "category": "Cryptography", 
                "description": "**5ada0e30fd3c562e3db448f17bbd2169a7ba768c8492798698c3acc8446f1486\r\n**", 
                "files": [
                    "/files/55212ee13f6eded537b61244413a9d22/enc.py?token=eyJ1c2VyX2lkIjo0MCwidGVhbV9pZCI6bnVsbCwiZmlsZV9pZCI6M30.X72scA.NTcoA2SYlKzkL8-EL65ZwjS026U"
                ], 
                "hints": [
                    "-"
                ], 
                "id": 4, 
                "name": "Kracken", 
                "points": 475, 
                "solves": 6
            }
        ], 
        "Forensic": [
            {
                "category": "Forensic", 
                "description": "", 
                "files": [
                    "/files/ca3dd562b85bc15ebdea01d442fb6f87/access_log?token=eyJ1c2VyX2lkIjo0MCwidGVhbV9pZCI6bnVsbCwiZmlsZV9pZCI6MTZ9.X72scA.UVhc7c0z49r38Fs7strIWwvhZfs"
                ], 
                "hints": [
                    "-"
                ], 
                "id": 6, 
                "name": "audit 101", 
                "points": 244, 
                "solves": 17
            }, 
            {
                "category": "Forensic", 
                "description": "", 
                "files": [
                    "/files/465d22babc7214456918a68242a85a7e/inspect.pcapng?token=eyJ1c2VyX2lkIjo0MCwidGVhbV9pZCI6bnVsbCwiZmlsZV9pZCI6Nn0.X72scA.a2hTa4i3OgMnB4-Dl-FBKBONafo"
                ], 
                "hints": [
                    "-"
                ], 
                "id": 8, 
                "name": "InspectUs", 
                "points": 275, 
                "solves": 16
            }, 
            {
                "category": "Forensic", 
                "description": "", 
                "files": [
                    "/files/551144d5e31ff0249c347814989354e6/hardwired.pcapng?token=eyJ1c2VyX2lkIjo0MCwidGVhbV9pZCI6bnVsbCwiZmlsZV9pZCI6NX0.X72scA.FIkVj2vdOCqHhCJFdWIqo6Oec1E"
                ], 
                "hints": [
                    "-"
                ], 
                "id": 7, 
                "name": "Hardwired", 
                "points": 100, 
                "solves": 23
            }, 
            {
                "category": "Forensic", 
                "description": "Revisi gan", 
                "files": [
                    "/files/4b199857fb1549b63b6f6bdf2d38509d/kunci_gawe_peserta.txt?token=eyJ1c2VyX2lkIjo0MCwidGVhbV9pZCI6bnVsbCwiZmlsZV9pZCI6N30.X72scA.ommFozjCVFhBBOILF07DWwbxtfw", 
                    "/files/5c51266e9a144d412992ccf975ff856f/Skripsi_Revisi1.vhdx?token=eyJ1c2VyX2lkIjo0MCwidGVhbV9pZCI6bnVsbCwiZmlsZV9pZCI6OH0.X72scA.odr1WUexKbVF24CXbydCbLNKB4w"
                ], 
                "hints": [
                    "-"
                ], 
                "id": 9, 
                "name": "Revisi Skripsi", 
                "points": 500, 
                "solves": 0
            }
        ], 
        "OSINT": [
            {
                "category": "OSINT", 
                "description": "Developer pada website https://2020.kks-tniad.id/ sangat suka bermain game bernama Dota 2. Dia memainkannya hampir setiap malam bersama dengan teman-temannya. \r\n\r\nNamun pada suatu hari, ternyata dia mendapatkan tagihan pulsa yang sangat besar dikarenakan adanya seseorang yang tidak bertanggung jawab mengirimkan kode OTP secara massal pada nomor ponselnya.\r\n\r\nBisakah kalian mencari nomor developer tersebut ?\r\n\r\nFormat Flag: KKST2020{NomorTelepon}", 
                "files": [], 
                "hints": [
                    "-"
                ], 
                "id": 24, 
                "name": "Find My Number", 
                "points": 999, 
                "solves": 2
            }, 
            {
                "category": "OSINT", 
                "description": "Setelah mendapatkan data milik Developer pada challenge \"Find My Number\", ternyata Developer ini menyimpan satu rahasia pada salah satu platform paste online yang cukup terkenal. \r\nDapatkah kalian mencari tahu apa yang merupakan rahasia tersimpan dari Developer tersebut ?", 
                "files": [], 
                "hints": [
                    "Flag yang sebenarnya bukan di https://pastebin.com/3qeJa7XV"
                ], 
                "id": 25, 
                "name": "Hide & Seek", 
                "points": 300, 
                "solves": 2
            }
        ], 
        "Reversing & PWN": [
            {
                "category": "Reversing & PWN", 
                "description": "", 
                "files": [
                    "/files/6d05c96ba4a58209b4d173d7e51513f8/cmad?token=eyJ1c2VyX2lkIjo0MCwidGVhbV9pZCI6bnVsbCwiZmlsZV9pZCI6MTB9.X72scA.T7D_PkVWVAiQ47_oyHyTel8HpWY"
                ], 
                "hints": [
                    "-"
                ], 
                "id": 12, 
                "name": "Apakah perlu patching", 
                "points": 379, 
                "solves": 12
            }, 
            {
                "category": "Reversing & PWN", 
                "description": "Run these commands to build the task.\r\n\r\n1. Make sure to use Python 3 and you have installed pyinstaller (using `pip install pyinstaller`).\r\n2. Adjust the flag in `flag.py`.\r\n3. Run `pyinstaller --onefile soal.py`\r\n4. The binary is inside `dist/` directory.\r\n", 
                "files": [
                    "/files/1f77a59fd4f3b7789177245a151b30e0/soal?token=eyJ1c2VyX2lkIjo0MCwidGVhbV9pZCI6bnVsbCwiZmlsZV9pZCI6MTF9.X72scQ.YHpTbYSAL0-tLEjxdxKiZdJsdUk", 
                    "/files/ae4122fe41771a5d7456fe482d97dbc5/soal.py?token=eyJ1c2VyX2lkIjo0MCwidGVhbV9pZCI6bnVsbCwiZmlsZV9pZCI6MTJ9.X72scQ.31OMYSET-djkQRb6FYORpa6ou1Y"
                ], 
                "hints": [
                    "-"
                ], 
                "id": 13, 
                "name": "Rumit", 
                "points": 499, 
                "solves": 2
            }, 
            {
                "category": "Reversing & PWN", 
                "description": "", 
                "files": [
                    "/files/4b2ebbd043d850ccdbfa903f6376cd76/s?token=eyJ1c2VyX2lkIjo0MCwidGVhbV9pZCI6bnVsbCwiZmlsZV9pZCI6OX0.X72scA.a9qZeTeVbIPmEADVpv_3tOmvOwo"
                ], 
                "hints": [
                    "-"
                ], 
                "id": 11, 
                "name": "Basic", 
                "points": 491, 
                "solves": 4
            }, 
            {
                "category": "Reversing & PWN", 
                "description": "", 
                "files": [
                    "/files/74810aadd4281196a0cc83e1febc0d2b/serialkey?token=eyJ1c2VyX2lkIjo0MCwidGVhbV9pZCI6bnVsbCwiZmlsZV9pZCI6MTd9.X72scQ.Q_SQ_MjUNzVGvtVnbCKeCq19GIo"
                ], 
                "hints": [
                    "-"
                ], 
                "id": 14, 
                "name": "Serial", 
                "points": 475, 
                "solves": 6
            }, 
            {
                "category": "Reversing & PWN", 
                "description": "Aku hanya mengingat bagian depan dari passwordku yaitu JUST dan seingetku panjang keynya dibawah 10\r\n\r\n\r\n**SE EE RK TK SS VV VR RR VK SE EE TE VR ER VV SE ST KR SS ER TT ES RS KS RS RV EK TK TV VK**", 
                "files": [
                    "/files/b348a29c0348a8e8c93229544bc02abf/PasswordEncryptor.jar?token=eyJ1c2VyX2lkIjo0MCwidGVhbV9pZCI6bnVsbCwiZmlsZV9pZCI6MTV9.X72scQ.hC_GWvc-fB0TJPkOqdG4wdDsYf4"
                ], 
                "hints": [
                    "-"
                ], 
                "id": 15, 
                "name": "Hey", 
                "points": 500, 
                "solves": 0
            }
        ], 
        "Web": [
            {
                "category": "Web", 
                "description": "http://207.148.78.100:20002", 
                "files": [], 
                "hints": [
                    "-"
                ], 
                "id": 20, 
                "name": "Rrrrrrrrrrrrrrrrrrr", 
                "points": 140, 
                "solves": 19
            }, 
            {
                "category": "Web", 
                "description": "HLA http://207.148.78.100:20001\r\n", 
                "files": [], 
                "hints": [
                    "-"
                ], 
                "id": 19, 
                "name": "HLA basic", 
                "points": 419, 
                "solves": 10
            }, 
            {
                "category": "Web", 
                "description": "http://207.148.78.100:20004", 
                "files": [], 
                "hints": [
                    "-"
                ], 
                "id": 22, 
                "name": "Easy Pakai Banget", 
                "points": 496, 
                "solves": 3
            }, 
            {
                "category": "Web", 
                "description": "http://207.148.78.100:20005", 
                "files": [], 
                "hints": [
                    "-"
                ], 
                "id": 23, 
                "name": "Suami Suami Takut Istri", 
                "points": 491, 
                "solves": 3
            }, 
            {
                "category": "Web", 
                "description": "http://207.148.78.100:20003", 
                "files": [], 
                "hints": [
                    "-"
                ], 
                "id": 21, 
                "name": "Easy", 
                "points": 475, 
                "solves": 6
            }
        ]
    }, 
    "title": "KKST CTF 2020 - Pelajar", 
    "url": "http://207.148.77.40"
}